"index","collection","packageId","granuleId","title","detailsLink","pdfLink","htmlLink","xmlLink","otherLink1","otherLink2","teaser","historical","publishdate"
"1","Congressional Hearings","CHRG-118hhrg51597","CHRG-118hhrg51597","Full Committee Markup","https://www.govinfo.gov/app/details/CHRG-118hhrg51597/CHRG-118hhrg51597","https://www.govinfo.gov/content/pkg/CHRG-118hhrg51597/pdf/CHRG-118hhrg51597.pdf","https://www.govinfo.gov/content/pkg/CHRG-118hhrg51597/html/CHRG-118hhrg51597.htm","","",""," 2023 Serial No. 118-10 Printed for the use of the Committee on Foreign Affairs [GRAPHIC(S) NOT AVAILABLE IN TIFF FORMAT] Available: http://www.foreignaffairs.house.gov/, http:// docs.house.gov, or http://www.govinfo.gov _________ U.S. GOVERNMENT PUBLISHING OFFICE 51-597 PDF WASHINGTON : 2023 COMMITTEE ON FOREIGN AFFAIRS MICHAEL T. MCCAUL, Texas, ...","","2023-03-28"
"2","Congressional Hearings","CHRG-118hhrg52236","CHRG-118hhrg52236","Full Committee Markup of H.R. 1690 and H.R. 589 Day I and Day 2","https://www.govinfo.gov/app/details/CHRG-118hhrg52236/CHRG-118hhrg52236","https://www.govinfo.gov/content/pkg/CHRG-118hhrg52236/pdf/CHRG-118hhrg52236.pdf","https://www.govinfo.gov/content/pkg/CHRG-118hhrg52236/html/CHRG-118hhrg52236.htm","","",""," CONGRESS FIRST SESSION APRIL 26, 2023; DAY 1 APRIL 28, 2023; DAY 2 Serial No. 118-22 Printed for the use of the Committee on Foreign Affairs [GRAPHIC NOT AVAILABLE IN TIFF FORMAT] Available: http://www.foreignaffairs.house.gov/, http:// docs.house.gov, or http://www.govinfo.gov U.S. GOVERNMENT PUBLISHING OFFICE 52-236PDF WASHINGTON : 2024...","","2023-04-26"
"3","Congressional Hearings","CHRG-118hhrg56735","CHRG-118hhrg56735","Full Committee Markup","https://www.govinfo.gov/app/details/CHRG-118hhrg56735/CHRG-118hhrg56735","https://www.govinfo.gov/content/pkg/CHRG-118hhrg56735/pdf/CHRG-118hhrg56735.pdf","https://www.govinfo.gov/content/pkg/CHRG-118hhrg56735/html/CHRG-118hhrg56735.htm","","",""," 28, 2023 Serial No. 118-3 Printed for the use of the Committee on Foreign Affairs [GRAPHIC NOT AVAILABLE IN TIFF FORMAT] Available: http://www.foreignaffairs.house.gov/, http://docs.house.gov, or http://www.govinfo.gov U.S. GOVERNMENT PUBLISHING OFFICE 56-735 WASHINGTON : 2024 COMMITTEE ON FOREIGN AFFAIRS MICHAEL T. McCAUL, Texas, Chairman ...","","2023-02-28"
"4","Congressional Hearings","CHRG-118hhrg54428","CHRG-118hhrg54428","The Future of Freedom and Democracy in Belarus","https://www.govinfo.gov/app/details/CHRG-118hhrg54428/CHRG-118hhrg54428","https://www.govinfo.gov/content/pkg/CHRG-118hhrg54428/pdf/CHRG-118hhrg54428.pdf","https://www.govinfo.gov/content/pkg/CHRG-118hhrg54428/html/CHRG-118hhrg54428.htm","","",""," ONE HUNDRED EIGHTEENTH CONGRESS FIRST SESSION December 5, 2023 Serial No. 118-69 Printed for the use of the Committee on Foreign Affairs [GRAPHIC NOT AVAILABLE IN TIFF FORMAT] Available: http://www.foreignaffairs.house.gov/, http:// docs.house.gov, or http://www.govinfo.gov U.S. GOVERNMENT PUBLISHING OFFICE 54-428PDF WASHINGTON : 2024 COMMITTEE ON...","","2023-12-05"
"5","Congressional Hearings","CHRG-118hhrg54129","CHRG-118hhrg54129","The State of American Influence in 2023: Great Power Competition and Persistent Crises in an Era of Budget Constraints","https://www.govinfo.gov/app/details/CHRG-118hhrg54129/CHRG-118hhrg54129","https://www.govinfo.gov/content/pkg/CHRG-118hhrg54129/pdf/CHRG-118hhrg54129.pdf","https://www.govinfo.gov/content/pkg/CHRG-118hhrg54129/html/CHRG-118hhrg54129.htm","","",""," FOREIGN AFFAIRS HOUSE OF REPRESENTATIVES ONE HUNDRED EIGHTEENTH CONGRESS FIRST SESSION May 17, 2023 Serial No. 118-24 Printed for the use of the Committee on Foreign Affairs [GRAPHIC NOT AVAILABLE IN TIFF FORMAT] Available: http://www.foreignaffairs.house.gov/, http:// docs.house.gov, or http://www.govinfo.gov U.S. GOVERNMENT PUBLISHING OFFICE 54...","","2023-05-17"
"6","Congressional Hearings","CHRG-118hhrg53244","CHRG-118hhrg53244","Markup of Various Measures","https://www.govinfo.gov/app/details/CHRG-118hhrg53244/CHRG-118hhrg53244","https://www.govinfo.gov/content/pkg/CHRG-118hhrg53244/pdf/CHRG-118hhrg53244.pdf","https://www.govinfo.gov/content/pkg/CHRG-118hhrg53244/html/CHRG-118hhrg53244.htm","","",""," JULY 26, 2023 Serial No. 118-41 Printed for the use of the Committee on Foreign Affairs Available: http://www.foreignaffairs.house.gov/, http:// docs.house.gov, or http://www.govinfo.gov MARKUP OF VARIOUS MEASURES ______ MARKUP OF VARIOUS MEASURES MARK UP BEFORE THE COMMITTEE ON FOREIGN AFFAIRS HOUSE OF REPRESENTATIVES ONE HUNDRED EIGHTEENTH ...","","2023-07-26"
"7","Congressional Hearings","CHRG-118hhrg52398","CHRG-118hhrg52398","Markup of Various Measures","https://www.govinfo.gov/app/details/CHRG-118hhrg52398/CHRG-118hhrg52398","https://www.govinfo.gov/content/pkg/CHRG-118hhrg52398/pdf/CHRG-118hhrg52398.pdf","https://www.govinfo.gov/content/pkg/CHRG-118hhrg52398/html/CHRG-118hhrg52398.htm","","",""," 16, 2023 Serial No. 118-26 Printed for the use of the Committee on Foreign Affairs [GRAPHIC NOT AVAILABLE IN TIFF FORMAT] Available: http://www.foreignaffairs.house.gov/, http:// docs.house.gov, or http://www.govinfo.gov U.S. GOVERNMENT PUBLISHING OFFICE 52-398PDF WASHINGTON : 2023 COMMITTEE ON FOREIGN AFFAIRS MICHAEL T. MCCAUL, Texas, Chairman ...","","2023-05-16"
"8","Congressional Hearings","CHRG-118hhrg54878","CHRG-118hhrg54878","Markup of Various Measures","https://www.govinfo.gov/app/details/CHRG-118hhrg54878/CHRG-118hhrg54878","https://www.govinfo.gov/content/pkg/CHRG-118hhrg54878/pdf/CHRG-118hhrg54878.pdf","https://www.govinfo.gov/content/pkg/CHRG-118hhrg54878/html/CHRG-118hhrg54878.htm","","",""," 6, 2024 Serial No. 118-81 Printed for the use of the Committee on Foreign Affairs [GRAPHIC NOT AVAILABLE IN TIFF FORMAT] Available: http://www.foreignaffairs.house.gov/, http://docs.house.gov, or http://www.govinfo.gov ______ U.S. GOVERNMENT PUBLISHING OFFICE 54-878PDF WASHINGTON : 2024 COMMITTEE ON FOREIGN AFFAIRS MICHAEL T. McCAUL, Texas, ...","","2024-02-06"
"9","Congressional Hearings","CHRG-118hhrg54518","CHRG-118hhrg54518","Markup of Various Measures","https://www.govinfo.gov/app/details/CHRG-118hhrg54518/CHRG-118hhrg54518","https://www.govinfo.gov/content/pkg/CHRG-118hhrg54518/pdf/CHRG-118hhrg54518.pdf","https://www.govinfo.gov/content/pkg/CHRG-118hhrg54518/html/CHRG-118hhrg54518.htm","","",""," 29, 2023 Serial No. 118-64 Printed for the use of the Committee on Foreign Affairs [GRAPHIC NOT AVAILABLE IN TIFF FORMAT] Available: http://www.foreignaffairs.house.gov/, http:// docs.house.gov, or http://www.govinfo.gov U.S. GOVERNMENT PUBLISHING OFFICE 54-518PDF WASHINGTON : 2024 COMMITTEE ON FOREIGN AFFAIRS MICHAEL T. McCAUL, Texas, ...","","2023-11-29"
"10","Congressional Hearings","CHRG-118hhrg54081","CHRG-118hhrg54081","Markup of Various Measures","https://www.govinfo.gov/app/details/CHRG-118hhrg54081/CHRG-118hhrg54081","https://www.govinfo.gov/content/pkg/CHRG-118hhrg54081/pdf/CHRG-118hhrg54081.pdf","https://www.govinfo.gov/content/pkg/CHRG-118hhrg54081/html/CHRG-118hhrg54081.htm","","",""," 19, 2023 Serial No. 118-53 Printed for the use of the Committee on Foreign Affairs [GRAPHIC NOT AVAILABLE IN TIFF FORMAT] Available: http://www.foreignaffairs.house.gov/, http://docs.house.gov, or http://www.govinfo.gov ______ U.S. GOVERNMENT PUBLISHING OFFICE 54-081PDF WASHINGTON : 2023 COMMITTEE ON FOREIGN AFFAIRS MICHAEL T. McCAUL, Texas, ...","","2023-10-19"
"11","Congressional Hearings","CHRG-118hhrg56991","CHRG-118hhrg56991","The Future of Freedom in Nigeria","https://www.govinfo.gov/app/details/CHRG-118hhrg56991/CHRG-118hhrg56991","https://www.govinfo.gov/content/pkg/CHRG-118hhrg56991/pdf/CHRG-118hhrg56991.pdf","https://www.govinfo.gov/content/pkg/CHRG-118hhrg56991/html/CHRG-118hhrg56991.htm","","",""," CONGRESS SECOND SESSION FEBRUARY 14, 2024 Serial No. 118-84 Printed for the use of the Committee on Foreign Affairs [GRAPHIC NOT AVAILABLE IN TIFF FORMAT] Available: http://www.foreignaffairs.house.gov/, http://docs.house.gov, or http://www.govinfo.gov U.S. GOVERNMENT PUBLISHING OFFICE 56-991PDF WASHINGTON : 2024 COMMITTEE ON FOREIGN ...","","2024-02-14"
"12","Congressional Hearings","CHRG-118hhrg52144","CHRG-118hhrg52144","Exposing Putin's Crimes: Evidence of Russian War Crimes and Other Atrocities in Ukraine","https://www.govinfo.gov/app/details/CHRG-118hhrg52144/CHRG-118hhrg52144","https://www.govinfo.gov/content/pkg/CHRG-118hhrg52144/pdf/CHRG-118hhrg52144.pdf","https://www.govinfo.gov/content/pkg/CHRG-118hhrg52144/html/CHRG-118hhrg52144.htm","","",""," ONE HUNDRED EIGHTEENTH CONGRESS FIRST SESSION APRIL 19, 2023 Serial No. 118-20 Printed for the use of the Committee on Foreign Affairs [GRAPHIC NOT AVAILABLE IN TIFF FORMAT] Available: http://www.foreignaffairs.house.gov/, http:// docs.house.gov, or http://www.govinfo.gov U.S. GOVERNMENT PUBLISHING OFFICE 52-144 WASHINGTON : 2023 ...","","2023-04-19"
"13","Congressional Hearings","CHRG-118hhrg52241","CHRG-118hhrg52241","The State of American Diplomacy in 2023: Growing Conflicts, Budget Challenges, and Great Power Competition","https://www.govinfo.gov/app/details/CHRG-118hhrg52241/CHRG-118hhrg52241","https://www.govinfo.gov/content/pkg/CHRG-118hhrg52241/pdf/CHRG-118hhrg52241.pdf","https://www.govinfo.gov/content/pkg/CHRG-118hhrg52241/html/CHRG-118hhrg52241.htm","","",""," HOUSE OF REPRESENTATIVES ONE HUNDRED EIGHTEENTH CONGRESS FIRST SESSION March 23, 2023 Serial No. 118-6 Printed for the use of the Committee on Foreign Affairs [GRAPHIC NOT AVAILABLE IN TIFF FORMAT] Available: http://www.foreignaffairs.house.gov/, http:// docs.house.gov, or http://www.govinfo.gov U.S. GOVERNMENT PUBLISHING OFFICE 52-241 PDF ...","","2023-03-23"
"14","Congressional Hearings","CHRG-118hhrg54164","CHRG-118hhrg54164","Markup of Various Measures","https://www.govinfo.gov/app/details/CHRG-118hhrg54164/CHRG-118hhrg54164","https://www.govinfo.gov/content/pkg/CHRG-118hhrg54164/pdf/CHRG-118hhrg54164.pdf","https://www.govinfo.gov/content/pkg/CHRG-118hhrg54164/html/CHRG-118hhrg54164.htm","","",""," 7, 2023 Serial No. 118-58 Printed for the use of the Committee on Foreign Affairs [GRAPHIC NOT AVAILABLE IN TIFF FORMAT] Available: http://www.foreignaffairs.house.gov/, http:// docs.house.gov, or http://www.govinfo.gov U.S. GOVERNMENT PUBLISHING OFFICE 54-164 PDF WASHINGTON : 2023 COMMITTEE ON FOREIGN AFFAIRS MICHAEL T. McCAUL, Texas, ...","","2023-11-07"
"15","Congressional Hearings","CHRG-118hhrg52788","CHRG-118hhrg52788","Markup of Various Measures","https://www.govinfo.gov/app/details/CHRG-118hhrg52788/CHRG-118hhrg52788","https://www.govinfo.gov/content/pkg/CHRG-118hhrg52788/pdf/CHRG-118hhrg52788.pdf","https://www.govinfo.gov/content/pkg/CHRG-118hhrg52788/html/CHRG-118hhrg52788.htm","","","",", 2023 Serial No. 118-34 Printed for the use of the Committee on Foreign Affairs [GRAPHIC NOT AVAILABLE IN TIFF FORMAT] Available: http://www.foreignaffairs.house.gov/, http:// docs.house.gov, or http://www.govinfo.gov U.S. GOVERNMENT PUBLISHING OFFICE 52-788PDF WASHINGTON : 2023 COMMITTEE ON FOREIGN AFFAIRS MICHAEL T. MCCAUL, Texas, Chairman ...","","2023-06-21"
"16","Congressional Hearings","CHRG-118hhrg53078","CHRG-118hhrg53078","Examining the Fiscal Year 2024 State and Foreign Operations Budget Request for Europe","https://www.govinfo.gov/app/details/CHRG-118hhrg53078/CHRG-118hhrg53078","https://www.govinfo.gov/content/pkg/CHRG-118hhrg53078/pdf/CHRG-118hhrg53078.pdf","https://www.govinfo.gov/content/pkg/CHRG-118hhrg53078/html/CHRG-118hhrg53078.htm","","",""," AFFAIRS HOUSE OF REPRESENTATIVES ONE HUNDRED EIGHTEENTH CONGRESS FIRST SESSION MAY 23, 2023 Serial No. 118-29 Printed for the use of the Committee on Foreign Affairs [GRAPHIC(S) NOT AVAILABLE IN TIFF FORMAT] Available: http://www.foreignaffairs.house.gov/, http:// docs.house.gov, or http://www.govinfo.gov ______ U.S. GOVERNMENT PUBLISHING ...","","2023-05-23"
"17","Congressional Hearings","CHRG-118hhrg53405","CHRG-118hhrg53405","The State Department's Climate Agenda: A Budget Overview by the Special Presidential Envoy for Climate","https://www.govinfo.gov/app/details/CHRG-118hhrg53405/CHRG-118hhrg53405","https://www.govinfo.gov/content/pkg/CHRG-118hhrg53405/pdf/CHRG-118hhrg53405.pdf","https://www.govinfo.gov/content/pkg/CHRG-118hhrg53405/html/CHRG-118hhrg53405.htm","","",""," ACCOUNTABILITY OF THE COMMITTEE ON FOREIGN AFFAIRS HOUSE OF REPRESENTATIVES ONE HUNDRED EIGHTEENTH CONGRESS FIRST SESSION July 13, 2023 Serial No. 118-45 Printed for the use of the Committee on Foreign Affairs [GRAPHIC NOT AVAILABLE IN TIFF FORMAT] Available: http://www.foreignaffairs.house.gov/, http://docs.house.gov, or http://www.govinfo.gov ...","","2023-07-13"
"18","Congressional Hearings","CHRG-118hhrg51555","CHRG-118hhrg51555","Markup Of: H. Res. 158, Resolution of Inquiry Requesting the President and Directing the Secretary of Defense and Secretary of State to Transmit, Respectively, Certain Documents to the House of Representatives Relating to Congressionally Appropriated Funds to the Nation of Ukraine from January 20, 2021 To","https://www.govinfo.gov/app/details/CHRG-118hhrg51555/CHRG-118hhrg51555","https://www.govinfo.gov/content/pkg/CHRG-118hhrg51555/pdf/CHRG-118hhrg51555.pdf","https://www.govinfo.gov/content/pkg/CHRG-118hhrg51555/html/CHRG-118hhrg51555.htm","","","",", 2023 Serial No. 118-7 Printed for the use of the Committee on Foreign Affairs [GRAPHIC NOT AVAILABLE IN TIFF FORMAT] Available: http://www.foreignaffairs.house.gov/, http:// docs.house.gov, or http://www.govinfo.gov U.S. GOVERNMENT PUBLISHING OFFICE 51-555PDF WASHINGTON : 2024 COMMITTEE ON FOREIGN AFFAIRS MICHAEL T. McCAUL, Texas, Chairman ...","","2023-03-24"
"19","Congressional Hearings","CHRG-118hhrg54165","CHRG-118hhrg54165","Member Day","https://www.govinfo.gov/app/details/CHRG-118hhrg54165/CHRG-118hhrg54165","https://www.govinfo.gov/content/pkg/CHRG-118hhrg54165/pdf/CHRG-118hhrg54165.pdf","https://www.govinfo.gov/content/pkg/CHRG-118hhrg54165/html/CHRG-118hhrg54165.htm","","",""," No. 118-57 Printed for the use of the Committee on Foreign Affairs [GRAPHIC(S) NOT AVAILABLE IN TIFF FORMAT] Available: http://www.foreignaffairs.house.gov/, http:// docs.house.gov, or http://www.govinfo.gov ______ U.S. GOVERNMENT PUBLISHING OFFICE 54-165PDF WASHINGTON : 2024 COMMITTEE ON FOREIGN AFFAIRS MICHAEL T. McCAUL, Texas, Chairman ...","","2023-11-03"
"20","Congressional Hearings","CHRG-118hhrg56816","CHRG-118hhrg56816","Children Are Not for Sale--Global Efforts to Address Child Trafficking","https://www.govinfo.gov/app/details/CHRG-118hhrg56816/CHRG-118hhrg56816","https://www.govinfo.gov/content/pkg/CHRG-118hhrg56816/pdf/CHRG-118hhrg56816.pdf","https://www.govinfo.gov/content/pkg/CHRG-118hhrg56816/html/CHRG-118hhrg56816.htm","","",""," ORGANIZATIONS OF THE COMMITTEE ON FOREIGN AFFAIRS HOUSE OF REPRESENTATIVES ONE HUNDRED EIGHTEENTH CONGRESS FIRST SESSION SEPTEMBER 14, 2023 Serial No. 118-116 Printed for the use of the Committee on Foreign Affairs [GRAPHIC(S) NOT AVAILABLE IN TIFF FORMAT] Available: http://www.foreignaffairs.house.gov/, http:// docs.house.gov, or http://...","","2023-09-14"
"21","Congressional Hearings","CHRG-118hhrg53228","CHRG-118hhrg53228","The Vilnius Summit and War in Ukraine: Assessing U.S. Policy Towards Europe and NATO","https://www.govinfo.gov/app/details/CHRG-118hhrg53228/CHRG-118hhrg53228","https://www.govinfo.gov/content/pkg/CHRG-118hhrg53228/pdf/CHRG-118hhrg53228.pdf","https://www.govinfo.gov/content/pkg/CHRG-118hhrg53228/html/CHRG-118hhrg53228.htm","","",""," AFFAIRS HOUSE OF REPRESENTATIVES ONE HUNDRED EIGHTEENTH CONGRESS FIRST SESSION June 22, 2023 Serial No. 118-37 Printed for the use of the Committee on Foreign Affairs [GRAPHIC NOT AVAILABLE IN TIFF FORMAT] Available: http://www.foreignaffairs.house.gov/, http:// docs.house.gov, or http://www.govinfo.gov U.S. GOVERNMENT PUBLISHING OFFICE 53-...","","2023-06-22"
"22","Congressional Hearings","CHRG-118hhrg52142","CHRG-118hhrg52142","Surrounding the Ocean: PRC Influence in the Indian Ocean","https://www.govinfo.gov/app/details/CHRG-118hhrg52142/CHRG-118hhrg52142","https://www.govinfo.gov/content/pkg/CHRG-118hhrg52142/pdf/CHRG-118hhrg52142.pdf","https://www.govinfo.gov/content/pkg/CHRG-118hhrg52142/html/CHRG-118hhrg52142.htm","","",""," CONGRESS FIRST SESSION APRIL 18, 2023 Serial No. 118-14 Printed for the use of the Committee on Foreign Affairs [GRAPHIC NOT AVAILABLE IN TIFF FORMAT] Available: http://www.foreignaffairs.house.gov/, http:// docs.house.gov, or http://www.govinfo.gov U.S. GOVERNMENT PUBLISHING OFFICE 52-142PDF WASHINGTON : 2023 COMMITTEE ON FOREIGN AFFAIRS ...","","2023-04-18"
"23","Congressional Hearings","CHRG-118hhrg53190","CHRG-118hhrg53190","The Ortega-Murillo Regimes War Against the Catholic Church and Civil Society in Nicaragua: Bishop Alvarez, Political Prisoners, and Prisoners of Conscience","https://www.govinfo.gov/app/details/CHRG-118hhrg53190/CHRG-118hhrg53190","https://www.govinfo.gov/content/pkg/CHRG-118hhrg53190/pdf/CHRG-118hhrg53190.pdf","https://www.govinfo.gov/content/pkg/CHRG-118hhrg53190/html/CHRG-118hhrg53190.htm","","",""," HEARING BEFORE THE SUBCOMMITTE ON GLOBAL HEALTH, GLOBAL HUMAN RIGHTS AND INTERNATIONAL ORGANIZATIONS of COMMITTEE ON FOREIGN AFFAIRS HOUSE OF REPRESENTATIVES ONE HUNDRED EIGHTEENTH CONGRESS FIRST SESSION March 22, 2023 Serial No. 118-5 Printed for the use of the Committee on Foreign Affairs [GRAPHIC NOT AVAILABLE IN TIFF FORMAT] Available: ...","","2023-03-22"
"24","Congressional Hearings","CHRG-118hhrg54431","CHRG-118hhrg54431","Iran's Escalating Threats: Assessing U.S. Policy Toward Iran's Malign Activities","https://www.govinfo.gov/app/details/CHRG-118hhrg54431/CHRG-118hhrg54431","https://www.govinfo.gov/content/pkg/CHRG-118hhrg54431/pdf/CHRG-118hhrg54431.pdf","https://www.govinfo.gov/content/pkg/CHRG-118hhrg54431/html/CHRG-118hhrg54431.htm","","",""," CENTRAL ASIA OF THE COMMITTEE ON FOREIGN AFFAIRS HOUSE OF REPRESENTATIVES ONE HUNDRED EIGHTEENTH CONGRESS FIRST SESSION September 14, 2023 Serial No. 118-105 Printed for the use of the Committee on Foreign Affairs [GRAPHIC(S) NOT AVAILABLE IN TIFF FORMAT] Available: http://www.foreignaffairs.house.gov/, http:// docs.house.gov, or http://...","","2023-09-14"
"25","Congressional Hearings","CHRG-118hhrg56650","CHRG-118hhrg56650","Countering China on the World Stage: Empowering American Businesses and Denying Chinese Military Our Technology","https://www.govinfo.gov/app/details/CHRG-118hhrg56650/CHRG-118hhrg56650","https://www.govinfo.gov/content/pkg/CHRG-118hhrg56650/pdf/CHRG-118hhrg56650.pdf","https://www.govinfo.gov/content/pkg/CHRG-118hhrg56650/html/CHRG-118hhrg56650.htm","","",""," AFFAIRS HOUSE OF REPRESENTATIVES ONE HUNDRED EIGHTEENTH CONGRESS SECOND SESSION MARCH 21, 2024 Serial No. 118-111 Printed for the use of the Committee on Foreign Affairs [GRAPHIC NOT AVAILABLE IN TIFF FORMAT] Available: http://www.foreignaffairs.house.gov/, http:// docs.house.gov, or http://www.govinfo.gov U.S. GOVERNMENT PUBLISHING OFFICE 56-...","","2024-03-21"
"26","Congressional Hearings","CHRG-118hhrg53222","CHRG-118hhrg53222","Standing United Against the People's Republic of China's Economic Aggression. and Predatory Practices","https://www.govinfo.gov/app/details/CHRG-118hhrg53222/CHRG-118hhrg53222","https://www.govinfo.gov/content/pkg/CHRG-118hhrg53222/pdf/CHRG-118hhrg53222.pdf","https://www.govinfo.gov/content/pkg/CHRG-118hhrg53222/html/CHRG-118hhrg53222.htm","","","","THE COMMITTEE ON FOREIGN AFFAIRS HOUSE OF REPRESENTATIVES ONE HUNDRED EIGHTEENTH CONGRESS FIRST SESSION MAY 18, 2023 Serial No. 118-25 Printed for the use of the Committee on Foreign Affairs [GRAPHIC NOT AVAILABLE IN TIFF FORMAT] Available: http://www.foreignaffairs.house.gov/, http:// docs.house.gov, or http://www.govinfo.gov U.S. GOVERNMENT ...","","2023-05-18"
"27","Congressional Hearings","CHRG-118hhrg55922","CHRG-118hhrg55922","Examining the Flow of U.S. Money into China's Military Might","https://www.govinfo.gov/app/details/CHRG-118hhrg55922/CHRG-118hhrg55922","https://www.govinfo.gov/content/pkg/CHRG-118hhrg55922/pdf/CHRG-118hhrg55922.pdf","https://www.govinfo.gov/content/pkg/CHRG-118hhrg55922/html/CHRG-118hhrg55922.htm","","",""," CONGRESS SECOND SESSION JANUARY 17, 2024 Serial No. 118-76 Printed for the use of the Committee on Foreign Affairs [GRAPHIC NOT AVAILABLE IN TIFF FORMAT] Available: http://www.foreignaffairs.house.gov/, http:// docs.house.gov, or http://www.govinfo.gov U.S. GOVERNMENT PUBLISHING OFFICE 55-922PDF WASHINGTON : 2024 COMMITTEE ON FOREIGN ...","","2024-01-17"
"28","Congressional Hearings","CHRG-118hhrg53674","CHRG-118hhrg53674","Examining the Current U.S.-South Africa Bilateral Relationship","https://www.govinfo.gov/app/details/CHRG-118hhrg53674/CHRG-118hhrg53674","https://www.govinfo.gov/content/pkg/CHRG-118hhrg53674/pdf/CHRG-118hhrg53674.pdf","https://www.govinfo.gov/content/pkg/CHRG-118hhrg53674/html/CHRG-118hhrg53674.htm","","",""," REPRESENTATIVES ONE HUNDRED EIGHTEENTH CONGRESS FIRST SESSION September 27, 2023 Serial No. 118-49 Printed for the use of the Committee on Foreign Affairs [GRAPHIC NOT AVAILABLE IN TIFF FORMAT] Available: http://www.foreignaffairs.house.gov/, http://docs.house.gov, or http://www.govinfo.gov ______ U.S. GOVERNMENT PUBLISHING OFFICE 53-674PDF ...","","2023-09-27"
"29","Congressional Hearings","CHRG-118hhrg56739","CHRG-118hhrg56739","The Dire State of Religious Freedom Around the World","https://www.govinfo.gov/app/details/CHRG-118hhrg56739/CHRG-118hhrg56739","https://www.govinfo.gov/content/pkg/CHRG-118hhrg56739/pdf/CHRG-118hhrg56739.pdf","https://www.govinfo.gov/content/pkg/CHRG-118hhrg56739/html/CHRG-118hhrg56739.htm","","",""," OF THE COMMITTEE ON FOREIGN AFFAIRS HOUSE OF REPRESENTATIVES ONE HUNDRED EIGHTEENTH CONGRESS FIRST SESSION JULY 18, 2023 Serial No. 118-40 Printed for the use of the Committee on Foreign Affairs [GRAPHIC NOT AVAILABLE IN TIFF FORMAT] Available: http://www.foreignaffairs.house.gov/, http:// docs.house.gov, or http://www.govinfo.gov U.S. ...","","2023-07-18"
"30","Congressional Hearings","CHRG-118hhrg55685","CHRG-118hhrg55685","United Nations' Bigotry Towards Israel: Unrwa Anti-Semitism Poisons Palestinian Youth","https://www.govinfo.gov/app/details/CHRG-118hhrg55685/CHRG-118hhrg55685","https://www.govinfo.gov/content/pkg/CHRG-118hhrg55685/pdf/CHRG-118hhrg55685.pdf","https://www.govinfo.gov/content/pkg/CHRG-118hhrg55685/html/CHRG-118hhrg55685.htm","","","","RIGHTS AND INTERNATIONAL ORGANIZATIONS of COMMITTEE ON FOREIGN AFFAIRS HOUSE OF REPRESENTATIVES ONE HUNDRED EIGHTEENTH CONGRESS FIRST SESSION NOVEMBER 8, 2023 Serial No. 118-59 Printed for the use of the Committee on Foreign Affairs [GRAPHIC(S) NOT AVAILABLE IN TIFF FORMAT] Available: http://www.foreignaffairs.house.gov/, http:// docs.house.gov, or...","","2023-11-08"
"31","Congressional Hearings","CHRG-118hhrg56738","CHRG-118hhrg56738","Responding to Anti-Semitism and Anti-Israel Bias in the UN, Palestinian Authority, and Ngo Community","https://www.govinfo.gov/app/details/CHRG-118hhrg56738/CHRG-118hhrg56738","https://www.govinfo.gov/content/pkg/CHRG-118hhrg56738/pdf/CHRG-118hhrg56738.pdf","https://www.govinfo.gov/content/pkg/CHRG-118hhrg56738/html/CHRG-118hhrg56738.htm","","","",", GLOBAL HUMAN RIGHTS, AND INTERNATIONAL ORGANIZATIONS OF THE COMMITTEE ON FOREIGN AFFAIRS HOUSE OF REPRESENTATIVES ONE HUNDRED EIGHTEENTH CONGRESS FIRST SESSION JUNE 22, 2023 Serial No. 118-36 Printed for the use of the Committee on Foreign Affairs [GRAPHIC NOT AVAILABLE IN TIFF FORMAT] Available: http://www.foreignaffairs.house.gov/, http://...","","2023-06-22"
"32","Congressional Hearings","CHRG-118hhrg51383","CHRG-118hhrg51383","Expanding the Abraham Accords","https://www.govinfo.gov/app/details/CHRG-118hhrg51383/CHRG-118hhrg51383","https://www.govinfo.gov/content/pkg/CHRG-118hhrg51383/pdf/CHRG-118hhrg51383.pdf","https://www.govinfo.gov/content/pkg/CHRG-118hhrg51383/html/CHRG-118hhrg51383.htm","","",""," REPRESENTATIVES ONE HUNDRED EIGHTEENTH CONGRESS FIRST SESSION MARCH 9, 2023 Serial No. 118-4 Printed for the use of the Committee on Foreign Affairs [GRAPHIC NOT AVAILABLE IN TIFF FORMAT] Available: http://www.foreignaffairs.house.gov/, http:// docs.house.gov, or http://www.govinfo.gov U.S. GOVERNMENT PUBLISHING OFFICE 51-383 PDF WASHINGTON : ...","","2023-03-09"
"33","Congressional Hearings","CHRG-118hhrg52143","CHRG-118hhrg52143","Great Power Competition in Africa: The Chinese Communist Party","https://www.govinfo.gov/app/details/CHRG-118hhrg52143/CHRG-118hhrg52143","https://www.govinfo.gov/content/pkg/CHRG-118hhrg52143/pdf/CHRG-118hhrg52143.pdf","https://www.govinfo.gov/content/pkg/CHRG-118hhrg52143/html/CHRG-118hhrg52143.htm","","",""," REPRESENTATIVES ONE HUNDRED EIGHTEENTH CONGRESS FIRST SESSION APRIL 18, 2023 Serial No. 118-19 Printed for the use of the Committee on Foreign Affairs [GRAPHIC(S) NOT AVAILABLE IN TIFF FORMAT] Available: http://www.foreignaffairs.house.gov/, http://docs.house.gov, ______ U.S. GOVERNMENT PUBLISHING OFFICE 52-143PDF WASHINGTON : 2023 or http://...","","2023-04-18"
"34","Congressional Hearings","CHRG-118hhrg56989","CHRG-118hhrg56989","Unrwa Exposed: Examining the Agency's Mission and Failures","https://www.govinfo.gov/app/details/CHRG-118hhrg56989/CHRG-118hhrg56989","https://www.govinfo.gov/content/pkg/CHRG-118hhrg56989/pdf/CHRG-118hhrg56989.pdf","https://www.govinfo.gov/content/pkg/CHRG-118hhrg56989/html/CHRG-118hhrg56989.htm","","","","GLOBAL HEALTH, GLOBAL HUMAN RIGHTS, AND INTERNATIONAL ORGANIZATIONS OF THE COMMITTEE ON FOREIGN AFFAIRS HOUSE OF REPRESENTATIVES ONE HUNDRED EIGHTEENTH CONGRESS SECOND SESSION January 30, 2024 Serial No. 118-78 Printed for the use of the Committee on Foreign Affairs [GRAPHIC NOT AVAILABLE IN TIFF FORMAT] Available: http://...","","2024-01-30"
"35","Congressional Hearings","CHRG-118hhrg54881","CHRG-118hhrg54881","The U.S. Border Crisis and the American Solution to an International Problem","https://www.govinfo.gov/app/details/CHRG-118hhrg54881/CHRG-118hhrg54881","https://www.govinfo.gov/content/pkg/CHRG-118hhrg54881/pdf/CHRG-118hhrg54881.pdf","https://www.govinfo.gov/content/pkg/CHRG-118hhrg54881/html/CHRG-118hhrg54881.htm","","",""," ONE HUNDRED EIGHTEENTH CONGRESS FIRST SESSION November 30, 2023 Serial No. 118-66 Printed for the use of the Committee on Foreign Affairs [GRAPHIC NOT AVAILABLE IN TIFF FORMAT] Available: http://www.foreignaffairs.house.gov/, http:// docs.house.gov, or http://www.govinfo.gov U.S. GOVERNMENT PUBLISHING OFFICE 54-881 PDF WASHINGTON : 2024 COMMITTEE ...","","2023-11-30"
"36","Congressional Hearings","CHRG-118hhrg53071","CHRG-118hhrg53071","Implementation of the Trafficking Victims Protection Act","https://www.govinfo.gov/app/details/CHRG-118hhrg53071/CHRG-118hhrg53071","https://www.govinfo.gov/content/pkg/CHRG-118hhrg53071/pdf/CHRG-118hhrg53071.pdf","https://www.govinfo.gov/content/pkg/CHRG-118hhrg53071/html/CHRG-118hhrg53071.htm","","",""," ON FOREIGN AFFAIRS HOUSE OF REPRESENTATIVES ONE HUNDRED EIGHTEENTH CONGRESS FIRST SESSION May 12, 2023 Serial No. 118-16 Printed for the use of the Committee on Foreign Affairs [GRAPHIC NOT AVAILABLE IN TIFF FORMAT] Available: http://www.foreignaffairs.house.gov/, http://docs.house.gov, or http://www.govinfo.gov ______ U.S. GOVERNMENT ...","","2023-05-12"
"37","Congressional Hearings","CHRG-118hhrg52399","CHRG-118hhrg52399","Oversight, Transparency, and Accountability of Ukraine Assistance","https://www.govinfo.gov/app/details/CHRG-118hhrg52399/CHRG-118hhrg52399","https://www.govinfo.gov/content/pkg/CHRG-118hhrg52399/pdf/CHRG-118hhrg52399.pdf","https://www.govinfo.gov/content/pkg/CHRG-118hhrg52399/html/CHRG-118hhrg52399.htm","","",""," EIGHTEENTH CONGRESS FIRST SESSION March 29, 2023 Serial No. 118-11 Printed for the use of the Committee on Foreign Affairs [GRAPHIC NOT AVAILABLE IN TIFF FORMAT] Available: http://www.foreignaffairs.house.gov/, http:// docs.house.gov, or http://www.govinfo.gov U.S. GOVERNMENT PUBLISHING OFFICE 52-399 PDF WASHINGTON : 2023 COMMITTEE ON FOREIGN ...","","2023-03-29"
"38","Congressional Hearings","CHRG-118hhrg51645","CHRG-118hhrg51645","Examining U.S. Sanctions Policy, Implementation, and Enforcement","https://www.govinfo.gov/app/details/CHRG-118hhrg51645/CHRG-118hhrg51645","https://www.govinfo.gov/content/pkg/CHRG-118hhrg51645/pdf/CHRG-118hhrg51645.pdf","https://www.govinfo.gov/content/pkg/CHRG-118hhrg51645/html/CHRG-118hhrg51645.htm","","","","FOREIGN AFFAIRS HOUSE OF REPRESENTATIVES ONE HUNDRED EIGHTEENTH CONGRESS FIRST SESSION March 29, 2023 Serial No. 118-15 Printed for the use of the Committee on Foreign Affairs [GRAPHIC NOT AVAILABLE IN TIFF FORMAT] Available: http://www.foreignaffairs.house.gov/, http://docs.house.gov, or http://www.govinfo.gov U.S. GOVERNMENT PUBLISHING OFFICE 51-...","","2023-03-29"
"39","Congressional Hearings","CHRG-118hhrg51256","CHRG-118hhrg51256","Combating the Generational Challenge of CCP Aggression","https://www.govinfo.gov/app/details/CHRG-118hhrg51256/CHRG-118hhrg51256","https://www.govinfo.gov/content/pkg/CHRG-118hhrg51256/pdf/CHRG-118hhrg51256.pdf","https://www.govinfo.gov/content/pkg/CHRG-118hhrg51256/html/CHRG-118hhrg51256.htm","","",""," CONGRESS FIRST SESSION FEBRUARY 28, 2023 Serial No. 118-2 Printed for the use of the Committee on Foreign Affairs [GRAPHIC NOT AVAILABLE IN TIFF FORMAT] Available: http://www.foreignaffairs.house.gov/, http:// docs.house.gov, or http://www.govinfo.gov U.S. GOVERNMENT PUBLISHING OFFICE 51-256PDF WASHINGTON : 2023 COMMITTEE ON FOREIGN AFFAIRS ...","","2023-02-28"

"Search Terms","118th Congress Congressional Hearings in Committee on Foreign Affairs"
"Total Count","39"
